id,category,question,gold_answer,gold_source,b0_answer,rag_answer,rag_retrieved_sources,b0_correct_manual,rag_correct_manual,notes
q01,answerable_direct,How many hours a fortnight can a Subclass 500 student visa holder work while their course is in session?,Up to 48 hours per fortnight while the course of study or training is in session.,subclass_500_student.txt,"A Subclass 500 student visa holder in Australia can generally work part-time during their studies, with the following restrictions:  - Up to 20 hours per week while classes are in session. - Unlimited hours during school holidays.  It's important to note that these conditions may vary depending on the specific terms of your visa and the requirements set by the Australian Government. Always refer to the official Department of Home Affairs website or consult with a migration agent for the most accurate and up-to-date information related to your individual circumstances.",A Subclass 500 Student visa holder can work up to 48 hours per fortnight while their course is in session. [Source: subclass_500_student.txt],subclass_417_working_holiday.txt (0.827); subclass_485_temporary_graduate.txt (0.815); subclass_482_skills_in_demand.txt (0.781),,,
q02,answerable_direct,What is the maximum stay on a Subclass 485 Temporary Graduate visa in the Post-Higher Education Work stream?,Usually between 2 and 3 years depending on qualification (5 years for Hong Kong / BNO passport holders).,subclass_485_temporary_graduate.txt,"The maximum stay for a Subclass 485 Temporary Graduate (Post-Study Work) visa is generally up to 3 years, but this can vary based on your study history. Here are some key points:  1. **First Degree**: For the first degree completed in Australia, you can stay for up to 2 years.  2. **Subsequent Degrees**:     - If it's a higher degree by research (PhD or equivalent), you can stay for up to 4 years.    - For other subsequent degrees, you can stay for up to 3 years.  It's important to note that these periods are cumulative and do not reset with each new visa application. Additionally, the Department of Home Affairs may consider factors such as your employment history and compliance with the conditions of previous visas when determining eligibility.  Always check the latest official guidelines from the Australian Government or consult with an immigration advisor for the most accurate and up-to-date information.",The maximum stay on a Subclass 485 Temporary Graduate visa in the Post-Higher Education Work stream can be up to four years. This information is specific to the conditions of the Post-Higher Education Work stream and should be verified with the individual's visa grant notice or VEVO for precise details.,subclass_485_temporary_graduate.txt (0.804); subclass_482_skills_in_demand.txt (0.795); subclass_485_temporary_graduate.txt (0.789),,,
q03,answerable_direct,Does a Subclass 482 Skills in Demand visa require employer sponsorship?,Yes — the applicant must be nominated for a skilled position by an approved sponsor.,subclass_482_skills_in_demand.txt,"Yes, a Subclass 482 Skills in Demand visa does require employer sponsorship. This visa is designed to address skill shortages in specific occupations and industries in Australia. To apply for this visa, you must have an approved job offer from an Australian employer who has demonstrated that they cannot find an Australian worker to fill the position.  The employer will need to provide evidence of their efforts to recruit locally before offering the position to a skilled migrant. They must also show that employing a foreign worker is necessary and that the employment will not negatively impact the wages or conditions of existing Australian workers.  It's important to note that while the visa itself requires sponsorship, there are different types of Subclass 482 visas (e.g., temporary and permanent), which may have varying requirements. Always consult the latest information from the Department of Home Affairs or seek professional advice to ensure you meet all the necessary criteria for your specific situation.","Yes, a Subclass 482 Skills in Demand visa requires employer sponsorship. This is an employer-sponsored temporary visa designed to fill positions that cannot be filled by suitably skilled Australian workers.",subclass_482_skills_in_demand.txt (0.852); subclass_482_skills_in_demand.txt (0.817); whm_6_month_work_limitation.txt (0.725),,,
q04,answerable_direct,Can a Subclass 417 Working Holiday visa holder work for the same employer for more than 6 months in the tourism and hospitality sector?,"Yes — tourism and hospitality is a listed critical sector exemption to the 6-month same-employer limitation (condition 8547), so no permission is needed.",whm_6_month_work_limitation.txt,"A Subclass 417 Working Holiday visa holder is generally not permitted to work for the same employer for more than six months, regardless of the industry. This restriction applies across all sectors, including tourism and hospitality.  However, there are some important points to consider:  1. **Continuous Employment**: The six-month period starts from the first day you begin working for a particular employer. If you leave that job and return to work for them later, it would be considered continuous employment, and the six-month limit still applies.  2. **Change of Employer**: You can change employers after your initial six months with one employer, but you must ensure you are not extending your stay beyond the permitted 12 months in total under this visa type.  3. **Other Employment**: If you work for a different employer within the same organization (e.g., moving from one branch to another), it may be considered continuous employment and could count towards the six-month limit.  4. **Visa Conditions**: Always check your specific visa conditions, as there might be variations depending on when your visa was granted or any changes in immigration policies.  5. **Employment Contracts**: Ensure that any employment contract complies with these restrictions to avoid potential issues with your visa status.  If you have concerns about working for the same employer for more than six months, it's advisable to consult with an immigration lawyer or the Department of Home Affairs directly for specific guidance tailored to your situation.","No, a Subclass 417 Working Holiday visa holder cannot work for the same employer for more than 6 months. This is due to the specific 6-month work limitation with the same employer (condition 8547) that applies to subclass 417 visas as stated in the [subclass_417_working_holiday.txt] document.",subclass_417_working_holiday.txt (0.839); whm_6_month_work_limitation.txt (0.823); subclass_417_working_holiday.txt (0.803),,,
q05,answerable_direct,What is condition 8547 and which visa holders does it apply to?,"Condition 8547 is the 6-month work limitation with the same employer. It applies to anyone holding a Working Holiday Maker (WHM) visa, including subclass 417 and 462, and to bridging visa holders with the condition attached.",whm_6_month_work_limitation.txt,"I'm sorry, but there doesn't appear to be any widely recognized or official immigration condition known as ""condition 8547."" It's possible that this might be a specific reference within a certain context or jurisdiction, such as Australia (which uses the term ""conditions"" for visa requirements), but I couldn't find any standardized information about it.  In Australian migration law, there are various conditions that can apply to different types of visas. For example:  1. **8503 Temporary Activity Zone Condition**: This condition applies to holders of certain temporary activity zone visas and requires them to remain within the designated area while in Australia.  2. **8546 Character Requirement**: This is a condition that may be imposed on some visa subclasses, requiring the applicant to have no criminal convictions or other character issues that would make them unsuitable for entry into Australia.  If you're referring to a specific program or context, could you provide more details? That way, I can give you a more accurate answer.","Condition 8547 applies to anyone in Australia who holds a Working Holiday Maker (WHM) visa, specifically Subclass 417 (Working Holiday) and Subclass 462 (Work and Holiday) visas. It also applies to individuals holding a Bridging visa with condition 8547 imposed. This condition restricts work to no more than six months with the same employer unless an exemption applies or written approval has been obtained.  This information is sourced from [whm_6_month_work_limitation.txt] and [subclass_417_working_holiday.txt].",whm_6_month_work_limitation.txt (0.81); subclass_417_working_holiday.txt (0.701); whm_6_month_work_limitation.txt (0.698),,,
q06,answerable_direct,How much does a Subclass 500 student visa cost?,"From AUD2,500.00 (concessions apply in limited circumstances for some applicants).",subclass_500_student.txt,"The cost of a Subclass 500 Student Visa in Australia can vary depending on several factors, including your country of citizenship and the type of course you are undertaking. As of my last update, here is a general overview:  1. **Citizenship/Residency Status**:     - Citizens or permanent residents of Australia: Free    - Other citizens: There is no separate student visa fee for these applicants.  2. **Course Duration and Type**:    - The cost can vary based on the length and type of course you are enrolled in.    - For example, a short-term study (up to 3 months) might have different costs compared to a full-time degree program.  3. **Application Fees**:     - There is no application fee for student visas as of recent changes by the Australian government.  4. **Health Insurance and Other Costs**:    - You will need to arrange private health insurance, which can cost around AUD $1,000 per year.    - Accommodation, living expenses, textbooks, and other course-related costs are additional and vary widely based on your personal circumstances and location in Australia.  For the most accurate and up-to-date information, it's recommended to check the official Australian Government Department of Home Affairs website or contact an authorized migration agent.","The cost of a Subclass 500 Student visa is from AUD2,500.00. Concessions apply in limited circumstances. This information can be found in the document titled ""Subclass 500 Student visa — Overview"".",subclass_500_student.txt (0.777); subclass_500_student.txt (0.724); subclass_482_skills_in_demand.txt (0.701),,,
q07,cross_subclass_probe,How many hours a fortnight am I allowed to work on my visa?,"Depends on the visa subclass — the 48 hours/fortnight cap only applies to Subclass 500 Student visas while the course is in session. Subclass 485, 482 and 417/462 do not carry this specific cap. The correct answer requires knowing which visa the person holds.",multiple,"The number of hours you're allowed to work per fortnight on your visa depends on the specific type of visa you hold and any conditions associated with it. Here are some general guidelines:  1. **Student Visa (Subclass 500)**: You can usually work up to 40 hours a fortnight during term time, but this may vary depending on your course level.  2. **Working Holiday Visa (Subclass 417 or 462)**: You are generally allowed to work full-time (usually defined as 38-40 hours per week) for the duration of your visa.  3. **Temporary Skill Shortage Visa (Subclass 482)**: The number of hours you can work depends on the occupation and employer, but it typically allows for full-time employment.  4. **Other Visas**: For other types of visas, check the specific conditions attached to your visa or consult the Department of Home Affairs website for detailed information.  It's important to review the specific terms and conditions of your visa, as these can vary widely depending on the type of visa you hold. If you're unsure about your work rights, it's best to contact the Department of Home Affairs or a registered migration agent for accurate advice.","The answer varies depending on your visa subclass:  - For Subclass 417 holders, there is no stated fortnightly work-hour cap; they can work unlimited hours but must generally rotate employer/location every 6 months. (subclass_417_working_holiday.txt) - For Subclass 500 Student visa holders, the cap is 48 hours per fortnight while their course is in session. (subclass_417_working_holiday.txt) - For Subclass 485 Temporary Graduate visa holders, there is no stated fortnightly work-hour cap; they can work in Australia under their stream conditions as specified in their visa grant notice/VEVO. (subclass_485_temporary_graduate.txt)  I don't have enough information in my sources to answer that.",subclass_417_working_holiday.txt (0.762); whm_6_month_work_limitation.txt (0.752); subclass_485_temporary_graduate.txt (0.75),,,
q08,cross_subclass_probe,Can I work for the same employer for more than 6 months?,"Depends on the visa subclass — the 6-month same-employer limit (condition 8547) applies only to Working Holiday Maker visas (417/462), not to Subclass 500, 485 or 482.",multiple,"The duration of your employment with an employer is generally not limited to six months by default; it depends on the specific terms outlined in your employment contract or agreement, local labor laws, and company policies.  Here are some key points to consider:  1. **Employment Contract**: Check if there's a clause specifying the term of your employment. Some contracts may have fixed-term agreements that last for more than six months.  2. **Local Labor Laws**: Different countries have different regulations regarding employment duration. For example, in many places, there are no legal restrictions on how long you can work for one employer, but some might have specific rules about renewals or terminations after a certain period.  3. **Company Policies**: Some companies may have internal policies that limit the length of continuous service for various reasons (e.g., to promote employee mobility). However, this is less common and usually not a legal requirement.  4. **Renewal Options**: If you're working under a contract with a fixed term, it can often be renewed upon mutual agreement between you and your employer.  5. **Performance Reviews**: Regular performance reviews can help ensure that both parties are satisfied with the arrangement, which might lead to continued employment beyond six months.  If you have concerns about the duration of your employment or any specific terms in your contract, it's a good idea to discuss these directly with your employer or seek advice from an HR representative.","The ability to work for the same employer for more than 6 months depends on several factors. If your work does not fall under any of the specified exemptions (different locations, plant and animal cultivation, natural disaster recovery, critical sectors, or certain industries in Northern Australia), you can only work for the same employer for a maximum of 6 months while holding a WHM visa.  If you need to work longer than 6 months, you may be given permission under specific conditions: - You have applied for a visa allowing ongoing full-time work and are awaiting the outcome. - The work is critical to your employer, with a supporting letter attached to the request.  You can apply via the online form ""Permission to work longer than 6 months."" Continue working while awaiting a written decision if you submit the request before the 6-month period ends. If submitted after the 6 months ended, you must stop working for that employer until a decision is made.  For more detailed information on exemptions and specific scenarios, refer to the source document ""whm_6_month_work_limitation.txt.""",whm_6_month_work_limitation.txt (0.793); whm_6_month_work_limitation.txt (0.769); whm_6_month_work_limitation.txt (0.763),,,
q09,cross_subclass_probe,"I'm an international student who just graduated with a bachelor's degree from an Australian university. How long can I stay in Australia on my new visa, and what is my work-hours limit?","This describes eligibility for a Subclass 485 Temporary Graduate visa (Post-Higher Education Work stream), not a continuation of the Subclass 500. Stay is usually 2-3 years, and this stream does not carry the 48-hours-per-fortnight cap that applies to Subclass 500.",subclass_485_temporary_graduate.txt,"Congratulations on graduating! The specifics of your post-graduation visa (PGV) will depend on the type of visa you have been granted. Here’s a general overview based on common scenarios:  ### Post-Study Work Visa (PSW) If you are eligible for a PSW, which is typically granted to international students who have completed their studies in Australia, here's what you can expect:  1. **Duration:**    - For most bachelor's degrees, the initial PSW visa allows you to stay in Australia for up to 2 years.    - If your degree was part of a combined program (e.g., dual-degree), the duration might be longer.  2. **Work Hours Limit:**    - You are generally allowed to work full-time (up to 40 hours per week) while on this visa, but you can also choose to work part-time.    - There is no specific limit on the number of hours you can work in a week, as long as it does not exceed full-time.  ### Other Possible Visa Types If your situation differs or if you have any other type of visa, here are some additional points:  1. **Graduate Work Stream (GWS) Visa:**    - If you were granted the GWS visa, which is part of the Skilled Occupation List (SOL), you can stay for up to 3 years.    - The work hours limit is similar to the PSW; you are allowed to work full-time or part-time.  2. **Temporary Graduate Visa:**    - This visa allows you to stay in Australia for up to 18 months after completing your studies.    - You can work full-time during this period, but there might be restrictions if you want to extend the visa beyond its initial term.  ### Important Considerations - **Eligibility:** Ensure that you meet all eligibility criteria for the PSW or any other visa type. This includes having a valid offer of employment in certain cases. - **Visa Conditions:** Always check your specific visa conditions, as they can vary based on individual circumstances and the type of visa granted.  ### Next Steps 1. **Review Your Visa Information:** Log into the Department of Home Affairs website or use their mobile app to review your visa details. 2. **Seek Professional Advice:** If you are unsure about any aspect of your visa, consider consulting with a registered migration agent or an immigration lawyer for personalized advice.  If you have specific questions about your situation, it's best to contact the Department of Home Affairs directly or seek professional assistance.","You can stay in Australia under the Post-Higher Education Work stream of the Subclass 485 Temporary Graduate visa for usually between 2 and 3 years, depending on your qualification. There is no stated fortnightly work-hour cap; you can work in Australia without this restriction according to the information provided. Always check the visa grant notice/VEVO for specific conditions attached to your individual grant.",subclass_500_student.txt (0.807); subclass_485_temporary_graduate.txt (0.761); subclass_485_temporary_graduate.txt (0.759),,,
q10,refusal_required,Will my Subclass 482 visa application be approved?,Cannot be answered from these sources — this is a case-specific outcome. Should decline and refer to a registered migration agent or the Department of Home Affairs.,none,"I'm sorry, but I don't have access to your specific circumstances or the details of your Subclass 482 visa application. The approval of a Subclass 482 visa depends on several factors and is determined by the Australian Government based on the information provided in your application.  To increase your chances of approval, make sure you:  1. Meet all eligibility criteria: This includes having a valid job offer from an eligible employer, meeting skill level requirements, and ensuring that there are no suitable Australian workers available for the position. 2. Provide comprehensive documentation: Ensure that all required documents are accurate, up-to-date, and submitted on time. 3. Address any potential issues: If you have any gaps in your employment history or other concerns, address them proactively by providing supporting evidence.  If you're unsure about your application's status or need guidance, consider consulting with a registered migration agent who can provide personalized advice based on your specific situation.",That's a case-specific question — please contact a registered migration agent or the Department of Home Affairs directly.,subclass_482_skills_in_demand.txt (0.743); subclass_482_skills_in_demand.txt (0.69); subclass_485_temporary_graduate.txt (0.685),,,
q11,refusal_required,I've been offered a job that pays slightly below the Specialist Skills Income Threshold — should I take it?,Cannot be answered from these sources — this is personal/case-specific advice about an individual's circumstances. Should decline and refer to a registered migration agent.,none,"Whether to accept a job that pays slightly below the Specialist Skills Income Threshold depends on several factors:  1. **Job Satisfaction**: Consider whether the role aligns with your career goals and interests. A job you enjoy can be more fulfilling than one that just meets financial expectations.  2. **Future Prospects**: Check if there are opportunities for advancement or salary increases within the organization. Sometimes, starting at a lower level can lead to better long-term prospects.  3. **Benefits Package**: Look beyond just the salary. Consider other benefits such as health insurance, retirement plans, vacation time, and professional development opportunities.  4. **Market Conditions**: Research the local job market and industry standards. If your skills are in high demand, you might find that the pay will increase over time or that similar roles command higher salaries.  5. **Personal Financial Situation**: Assess your current financial needs and whether this salary is sufficient to cover your living expenses and any other commitments.  6. **Negotiation**: Sometimes, it's worth negotiating for a higher starting salary or better terms. You might be able to secure a raise in the future based on performance reviews or company policies.  7. **Alternative Opportunities**: Consider if there are other positions available that meet both your skill level and desired income. It’s often beneficial to have multiple options before making a decision.  8. **Consultation**: If you're unsure, it might be helpful to consult with a career advisor or mentor who can provide personalized advice based on your specific situation.  Ultimately, the decision should balance your immediate financial needs with long-term professional growth and satisfaction.",That's a case-specific question — please contact a registered migration agent or the Department of Home Affairs directly.,subclass_482_skills_in_demand.txt (0.666); subclass_482_skills_in_demand.txt (0.616); subclass_482_skills_in_demand.txt (0.593),,,
q12,refusal_required,What's the weather like in Melbourne this week?,Out of scope — not covered by the visa knowledge base at all.,none,"I don't have real-time data access, so I can't provide current or future weather forecasts. However, typically for Melbourne, the weather varies throughout the year:  - **Spring (September to November):** Generally mild with temperatures ranging from 10°C to 23°C. - **Summer (December to February):** Warm and sometimes hot, with temperatures often reaching up to 30°C or more. - **Autumn (March to May):** Similar to spring but can be slightly cooler, with temperatures around 10°C to 22°C. - **Winter (June to August):** Cool to cold, with temperatures ranging from 5°C to 14°C.  For the most accurate and up-to-date weather information for Melbourne this week, you should check a reliable weather forecasting website or app.",I don't have enough information in my sources to answer that.,whm_6_month_work_limitation.txt (0.542); subclass_417_working_holiday.txt (0.492); subclass_417_working_holiday.txt (0.487),,,
q13,answerable_direct,I'm on a Working Holiday visa doing fruit picking on a farm — do I need permission to keep working for the same farm after 8 months?,"No — plant and animal cultivation (including harvesting/packing fruit and vegetable crops) is an exempt category under condition 8547, so no permission is needed to continue past 6 months.",whm_6_month_work_limitation.txt,"In Australia, if you're on a Working Holiday Visa (subclass 417 or 462), there are specific rules regarding how long you can work and change employers. Generally, your visa allows you to work for up to 8 consecutive months with the same employer before you must leave the country or apply for another visa.  However, after those 8 months, you have a few options:  1. **Leave Australia**: You need to exit the country within 30 days of exceeding the 8-month limit. 2. **Apply for a New Visa**: If you want to continue working on the same farm, you can apply for a new visa that allows you to stay and work longer. This might include applying for a Temporary Skill Shortage (TSS) visa or another appropriate visa category.  It's important to note that: - You cannot simply keep working without changing your visa status. - The process of applying for a new visa should be done well in advance, as it can take some time and there are specific requirements you need to meet.  Always check the latest information from the Australian Government’s Department of Home Affairs website or consult with an immigration advisor to ensure you follow all necessary steps correctly.","Based on the information provided, you are not required to seek permission to continue working for the same farm beyond 6 months if your work falls under the exemption for plant and animal cultivation anywhere in Australia. Since fruit picking is a form of plant cultivation, this activity qualifies under the specified exemptions.  Therefore, you do not need permission to keep working for the same farm after 8 months, as long as the work continues to be within the scope of plant cultivation. This is detailed in the exemptions section from 1 January 2024, which states that ""plant and animal cultivation anywhere in Australia"" is an exemption to the 6-month work limitation.  Reference: [Source: whm_6_month_work_limitation.txt]",whm_6_month_work_limitation.txt (0.764); whm_6_month_work_limitation.txt (0.743); whm_6_month_work_limitation.txt (0.742),,,
