config_id,top_k,id,category,system,rouge1_precision,rouge1_recall,rouge1_f1,cosine_proxy (NOT BERTScore)
structure_aware_meta,1,q01,answerable_direct,rag,0.4828,0.875,0.6222,0.8127
structure_aware_meta,1,q02,answerable_direct,rag,0.0571,0.1176,0.0769,0.6483
structure_aware_meta,1,q03,answerable_direct,rag,0.12,0.2143,0.1538,0.7057
structure_aware_meta,1,q04,answerable_direct,rag,0.2407,0.5417,0.3333,0.7727
structure_aware_meta,1,q05,answerable_direct,rag,0.3913,0.7297,0.5094,0.9455
structure_aware_meta,1,q06,answerable_direct,rag,0.1111,0.4167,0.1754,0.724
structure_aware_meta,1,q07,cross_subclass_probe,rag,0.3086,0.5556,0.3968,0.8364
structure_aware_meta,1,q08,cross_subclass_probe,rag,0.169,0.4138,0.24,0.8068
structure_aware_meta,1,q09,cross_subclass_probe,rag,0.2405,0.4222,0.3065,0.7538
structure_aware_meta,1,q10,refusal_required,rag,0.6842,0.4815,0.5652,0.8722
structure_aware_meta,1,q11,refusal_required,rag,0.3684,0.2692,0.3111,0.8156
structure_aware_meta,1,q12,refusal_required,rag,0.0,0.0,0.0,0.5246
structure_aware_meta,1,q13,answerable_direct,rag,0.1852,0.5172,0.2727,0.8
structure_aware_meta,3,q01,answerable_direct,b0,0.0773,0.9375,0.1429,0.664
structure_aware_meta,3,q01,answerable_direct,rag,0.4828,0.875,0.6222,0.8127
structure_aware_meta,3,q02,answerable_direct,b0,0.0457,0.5294,0.0841,0.6794
structure_aware_meta,3,q02,answerable_direct,rag,0.3137,0.9412,0.4706,0.7744
structure_aware_meta,3,q03,answerable_direct,b0,0.0584,0.5714,0.106,0.6817
structure_aware_meta,3,q03,answerable_direct,rag,0.12,0.2143,0.1538,0.6973
structure_aware_meta,3,q04,answerable_direct,b0,0.058,0.5417,0.1048,0.7502
structure_aware_meta,3,q04,answerable_direct,rag,0.1104,0.7083,0.191,0.7738
structure_aware_meta,3,q05,answerable_direct,b0,0.0948,0.2973,0.1438,0.7247
structure_aware_meta,3,q05,answerable_direct,rag,0.3556,0.8649,0.5039,0.9519
structure_aware_meta,3,q06,answerable_direct,b0,0.0217,0.4167,0.0413,0.6816
structure_aware_meta,3,q06,answerable_direct,rag,0.125,0.5,0.2,0.7038
structure_aware_meta,3,q07,cross_subclass_probe,b0,0.1269,0.5556,0.2066,0.8154
structure_aware_meta,3,q07,cross_subclass_probe,rag,0.2857,0.4,0.3333,0.7924
structure_aware_meta,3,q08,cross_subclass_probe,b0,0.0456,0.3793,0.0815,0.7064
structure_aware_meta,3,q08,cross_subclass_probe,rag,0.1152,0.8621,0.2033,0.8485
structure_aware_meta,3,q09,cross_subclass_probe,b0,0.0769,0.5111,0.1337,0.7349
structure_aware_meta,3,q09,cross_subclass_probe,rag,0.3514,0.5778,0.437,0.8185
structure_aware_meta,3,q10,refusal_required,b0,0.1044,0.7037,0.1818,0.6347
structure_aware_meta,3,q10,refusal_required,rag,0.6842,0.4815,0.5652,0.8722
structure_aware_meta,3,q11,refusal_required,b0,0.0412,0.4231,0.0751,0.5635
structure_aware_meta,3,q11,refusal_required,rag,0.3684,0.2692,0.3111,0.8156
structure_aware_meta,3,q12,refusal_required,b0,0.018,0.1667,0.0325,0.3273
structure_aware_meta,3,q12,refusal_required,rag,0.0,0.0,0.0,0.5246
structure_aware_meta,3,q13,answerable_direct,b0,0.0331,0.2069,0.0571,0.584
structure_aware_meta,3,q13,answerable_direct,rag,0.0882,0.4138,0.1455,0.7554
structure_aware_meta,5,q01,answerable_direct,rag,0.4828,0.875,0.6222,0.8127
structure_aware_meta,5,q02,answerable_direct,rag,0.3404,0.9412,0.5,0.7861
structure_aware_meta,5,q03,answerable_direct,rag,0.0909,0.2143,0.1277,0.7223
structure_aware_meta,5,q04,answerable_direct,rag,0.2459,0.625,0.3529,0.7914
structure_aware_meta,5,q05,answerable_direct,rag,0.3636,0.8649,0.512,0.9527
structure_aware_meta,5,q06,answerable_direct,rag,0.1579,0.75,0.2609,0.7157
structure_aware_meta,5,q07,cross_subclass_probe,rag,0.3068,0.6,0.406,0.8467
structure_aware_meta,5,q08,cross_subclass_probe,rag,0.0981,0.8966,0.1769,0.8813
structure_aware_meta,5,q09,cross_subclass_probe,rag,0.3824,0.5778,0.4602,0.8158
structure_aware_meta,5,q10,refusal_required,rag,0.6842,0.4815,0.5652,0.8722
structure_aware_meta,5,q11,refusal_required,rag,0.3684,0.2692,0.3111,0.8156
structure_aware_meta,5,q12,refusal_required,rag,0.0,0.0,0.0,0.5246
structure_aware_meta,5,q13,answerable_direct,rag,0.0879,0.5517,0.1517,0.7523
